Year,Location,Total Sentences
1981,Total Regions,125574
1981,Te Tai Tokerau Justice Service Area,3977
1981,Auckland Justice Service Area,14318
1981,South Auckland Justice Service Area,12388
1981,Waikato Justice Service Area,7199
1981,Bay of Plenty Justice Service Area,3587
1981,Waiariki Justice Service Area,5672
1981,East Coast Justice Service Area,8579
1981,Taranaki/Whanganui Justice Service Area,10477
1981,Manawatū/Wairarapa Justice Service Area,3588
1981,Northern Wellington Justice Service Area,2316
1981,Wellington Justice Service Area,3968
1981,Nelson/Marlborough/West Coast Justice Service Area,4652
1981,Canterbury Justice Service Area,21299
1981,Otago Justice Service Area,11026
1981,Southland Justice Service Area,3396
1982,Total Regions,135473
1982,Te Tai Tokerau Justice Service Area,4600
1982,Auckland Justice Service Area,11595
1982,South Auckland Justice Service Area,10573
1982,Waikato Justice Service Area,9498
1982,Bay of Plenty Justice Service Area,4709
1982,Waiariki Justice Service Area,7328
1982,East Coast Justice Service Area,7049
1982,Taranaki/Whanganui Justice Service Area,8331
1982,Manawatū/Wairarapa Justice Service Area,8001
1982,Northern Wellington Justice Service Area,4720
1982,Wellington Justice Service Area,11866
1982,Nelson/Marlborough/West Coast Justice Service Area,4302
1982,Canterbury Justice Service Area,20064
1982,Otago Justice Service Area,10866
1982,Southland Justice Service Area,4195
1983,Total Regions,88965
1983,Te Tai Tokerau Justice Service Area,2440
1983,Auckland Justice Service Area,10598
1983,South Auckland Justice Service Area,7601
1983,Waikato Justice Service Area,5824
1983,Bay of Plenty Justice Service Area,3902
1983,Waiariki Justice Service Area,5511
1983,East Coast Justice Service Area,4707
1983,Taranaki/Whanganui Justice Service Area,5013
1983,Manawatū/Wairarapa Justice Service Area,4980
1983,Northern Wellington Justice Service Area,4490
1983,Wellington Justice Service Area,8738
1983,Nelson/Marlborough/West Coast Justice Service Area,2560
1983,Canterbury Justice Service Area,8133
1983,Otago Justice Service Area,5943
1983,Southland Justice Service Area,3268
1984,Total Regions,81839
1984,Te Tai Tokerau Justice Service Area,2229
1984,Auckland Justice Service Area,9264
1984,South Auckland Justice Service Area,7767
1984,Waikato Justice Service Area,5579
1984,Bay of Plenty Justice Service Area,3385
1984,Waiariki Justice Service Area,4884
1984,East Coast Justice Service Area,4419
1984,Taranaki/Whanganui Justice Service Area,3978
1984,Manawatū/Wairarapa Justice Service Area,4281
1984,Northern Wellington Justice Service Area,3460
1984,Wellington Justice Service Area,8718
1984,Nelson/Marlborough/West Coast Justice Service Area,2643
1984,Canterbury Justice Service Area,8410
1984,Otago Justice Service Area,4884
1984,Southland Justice Service Area,3330
1985,Total Regions,80925
1985,Te Tai Tokerau Justice Service Area,2597
1985,Auckland Justice Service Area,10345
1985,South Auckland Justice Service Area,7963
1985,Waikato Justice Service Area,5222
1985,Bay of Plenty Justice Service Area,3241
1985,Waiariki Justice Service Area,4206
1985,East Coast Justice Service Area,4366
1985,Taranaki/Whanganui Justice Service Area,3840
1985,Manawatū/Wairarapa Justice Service Area,4845
1985,Northern Wellington Justice Service Area,3561
1985,Wellington Justice Service Area,6327
1985,Nelson/Marlborough/West Coast Justice Service Area,2822
1985,Canterbury Justice Service Area,8357
1985,Otago Justice Service Area,5422
1985,Southland Justice Service Area,2862
1986,Total Regions,81448
1986,Te Tai Tokerau Justice Service Area,3416
1986,Auckland Justice Service Area,9364
1986,South Auckland Justice Service Area,8103
1986,Waikato Justice Service Area,4618
1986,Bay of Plenty Justice Service Area,3307
1986,Waiariki Justice Service Area,4165
1986,East Coast Justice Service Area,4479
1986,Taranaki/Whanganui Justice Service Area,3922
1986,Manawatū/Wairarapa Justice Service Area,4685
1986,Northern Wellington Justice Service Area,3445
1986,Wellington Justice Service Area,6028
1986,Nelson/Marlborough/West Coast Justice Service Area,2599
1986,Canterbury Justice Service Area,8845
1986,Otago Justice Service Area,6055
1986,Southland Justice Service Area,3134
1987,Total Regions,81692
1987,Te Tai Tokerau Justice Service Area,2994
1987,Auckland Justice Service Area,8826
1987,South Auckland Justice Service Area,7907
1987,Waikato Justice Service Area,4926
1987,Bay of Plenty Justice Service Area,3719
1987,Waiariki Justice Service Area,4353
1987,East Coast Justice Service Area,4821
1987,Taranaki/Whanganui Justice Service Area,4267
1987,Manawatū/Wairarapa Justice Service Area,4776
1987,Northern Wellington Justice Service Area,3416
1987,Wellington Justice Service Area,6027
1987,Nelson/Marlborough/West Coast Justice Service Area,2666
1987,Canterbury Justice Service Area,8170
1987,Otago Justice Service Area,5774
1987,Southland Justice Service Area,2968
1988,Total Regions,85959
1988,Te Tai Tokerau Justice Service Area,2926
1988,Auckland Justice Service Area,11295
1988,South Auckland Justice Service Area,8400
1988,Waikato Justice Service Area,5858
1988,Bay of Plenty Justice Service Area,3920
1988,Waiariki Justice Service Area,4197
1988,East Coast Justice Service Area,4437
1988,Taranaki/Whanganui Justice Service Area,4230
1988,Manawatū/Wairarapa Justice Service Area,5465
1988,Northern Wellington Justice Service Area,3554
1988,Wellington Justice Service Area,5609
1988,Nelson/Marlborough/West Coast Justice Service Area,2752
1988,Canterbury Justice Service Area,8635
1988,Otago Justice Service Area,5552
1988,Southland Justice Service Area,3378
1989,Total Regions,97717
1989,Te Tai Tokerau Justice Service Area,3620
1989,Auckland Justice Service Area,13023
1989,South Auckland Justice Service Area,9520
1989,Waikato Justice Service Area,6433
1989,Bay of Plenty Justice Service Area,4463
1989,Waiariki Justice Service Area,5075
1989,East Coast Justice Service Area,5912
1989,Taranaki/Whanganui Justice Service Area,4240
1989,Manawatū/Wairarapa Justice Service Area,5278
1989,Northern Wellington Justice Service Area,5783
1989,Wellington Justice Service Area,4763
1989,Nelson/Marlborough/West Coast Justice Service Area,3136
1989,Canterbury Justice Service Area,9831
1989,Otago Justice Service Area,5375
1989,Southland Justice Service Area,3622
1990,Total Regions,103097
1990,Te Tai Tokerau Justice Service Area,3641
1990,Auckland Justice Service Area,14007
1990,South Auckland Justice Service Area,12419
1990,Waikato Justice Service Area,6735
1990,Bay of Plenty Justice Service Area,4525
1990,Waiariki Justice Service Area,5295
1990,East Coast Justice Service Area,5824
1990,Taranaki/Whanganui Justice Service Area,4121
1990,Manawatū/Wairarapa Justice Service Area,4947
1990,Northern Wellington Justice Service Area,6476
1990,Wellington Justice Service Area,4253
1990,Nelson/Marlborough/West Coast Justice Service Area,3252
1990,Canterbury Justice Service Area,10367
1990,Otago Justice Service Area,5343
1990,Southland Justice Service Area,3447
1991,Total Regions,80234
1991,Te Tai Tokerau Justice Service Area,2652
1991,Auckland Justice Service Area,9295
1991,South Auckland Justice Service Area,8018
1991,Waikato Justice Service Area,6110
1991,Bay of Plenty Justice Service Area,4507
1991,Waiariki Justice Service Area,4966
1991,East Coast Justice Service Area,4906
1991,Taranaki/Whanganui Justice Service Area,3518
1991,Manawatū/Wairarapa Justice Service Area,3664
1991,Northern Wellington Justice Service Area,5607
1991,Wellington Justice Service Area,3592
1991,Nelson/Marlborough/West Coast Justice Service Area,2721
1991,Canterbury Justice Service Area,7961
1991,Otago Justice Service Area,4086
1991,Southland Justice Service Area,2571
1992,Total Regions,82504
1992,Te Tai Tokerau Justice Service Area,3223
1992,Auckland Justice Service Area,9418
1992,South Auckland Justice Service Area,8692
1992,Waikato Justice Service Area,6028
1992,Bay of Plenty Justice Service Area,4364
1992,Waiariki Justice Service Area,4961
1992,East Coast Justice Service Area,5158
1992,Taranaki/Whanganui Justice Service Area,3664
1992,Manawatū/Wairarapa Justice Service Area,3691
1992,Northern Wellington Justice Service Area,5415
1992,Wellington Justice Service Area,3537
1992,Nelson/Marlborough/West Coast Justice Service Area,2858
1992,Canterbury Justice Service Area,8680
1992,Otago Justice Service Area,4116
1992,Southland Justice Service Area,2862
1993,Total Regions,78679
1993,Te Tai Tokerau Justice Service Area,2684
1993,Auckland Justice Service Area,8914
1993,South Auckland Justice Service Area,7834
1993,Waikato Justice Service Area,6205
1993,Bay of Plenty Justice Service Area,4399
1993,Waiariki Justice Service Area,4646
1993,East Coast Justice Service Area,5444
1993,Taranaki/Whanganui Justice Service Area,3435
1993,Manawatū/Wairarapa Justice Service Area,3883
1993,Northern Wellington Justice Service Area,5036
1993,Wellington Justice Service Area,3432
1993,Nelson/Marlborough/West Coast Justice Service Area,2775
1993,Canterbury Justice Service Area,8032
1993,Otago Justice Service Area,3863
1993,Southland Justice Service Area,2544
1994,Total Regions,80161
1994,Te Tai Tokerau Justice Service Area,2929
1994,Auckland Justice Service Area,9364
1994,South Auckland Justice Service Area,7883
1994,Waikato Justice Service Area,6460
1994,Bay of Plenty Justice Service Area,4749
1994,Waiariki Justice Service Area,4727
1994,East Coast Justice Service Area,5535
1994,Taranaki/Whanganui Justice Service Area,3308
1994,Manawatū/Wairarapa Justice Service Area,3818
1994,Northern Wellington Justice Service Area,4870
1994,Wellington Justice Service Area,3273
1994,Nelson/Marlborough/West Coast Justice Service Area,2884
1994,Canterbury Justice Service Area,7760
1994,Otago Justice Service Area,3915
1994,Southland Justice Service Area,2732
1995,Total Regions,81515
1995,Te Tai Tokerau Justice Service Area,3169
1995,Auckland Justice Service Area,9990
1995,South Auckland Justice Service Area,8676
1995,Waikato Justice Service Area,6010
1995,Bay of Plenty Justice Service Area,4702
1995,Waiariki Justice Service Area,4941
1995,East Coast Justice Service Area,5293
1995,Taranaki/Whanganui Justice Service Area,3546
1995,Manawatū/Wairarapa Justice Service Area,3745
1995,Northern Wellington Justice Service Area,4814
1995,Wellington Justice Service Area,3242
1995,Nelson/Marlborough/West Coast Justice Service Area,2947
1995,Canterbury Justice Service Area,7708
1995,Otago Justice Service Area,3944
1995,Southland Justice Service Area,2794
1996,Total Regions,81951
1996,Te Tai Tokerau Justice Service Area,3528
1996,Auckland Justice Service Area,9874
1996,South Auckland Justice Service Area,8978
1996,Waikato Justice Service Area,6396
1996,Bay of Plenty Justice Service Area,4390
1996,Waiariki Justice Service Area,4795
1996,East Coast Justice Service Area,5101
1996,Taranaki/Whanganui Justice Service Area,3814
1996,Manawatū/Wairarapa Justice Service Area,3829
1996,Northern Wellington Justice Service Area,4665
1996,Wellington Justice Service Area,3313
1996,Nelson/Marlborough/West Coast Justice Service Area,3016
1996,Canterbury Justice Service Area,7489
1996,Otago Justice Service Area,3824
1996,Southland Justice Service Area,2822
1997,Total Regions,81790
1997,Te Tai Tokerau Justice Service Area,3329
1997,Auckland Justice Service Area,9908
1997,South Auckland Justice Service Area,8726
1997,Waikato Justice Service Area,6391
1997,Bay of Plenty Justice Service Area,4564
1997,Waiariki Justice Service Area,4996
1997,East Coast Justice Service Area,5462
1997,Taranaki/Whanganui Justice Service Area,3852
1997,Manawatū/Wairarapa Justice Service Area,3552
1997,Northern Wellington Justice Service Area,5008
1997,Wellington Justice Service Area,3288
1997,Nelson/Marlborough/West Coast Justice Service Area,3019
1997,Canterbury Justice Service Area,7462
1997,Otago Justice Service Area,3657
1997,Southland Justice Service Area,2713
1998,Total Regions,74418
1998,Te Tai Tokerau Justice Service Area,3345
1998,Auckland Justice Service Area,8688
1998,South Auckland Justice Service Area,7624
1998,Waikato Justice Service Area,5528
1998,Bay of Plenty Justice Service Area,4039
1998,Waiariki Justice Service Area,4342
1998,East Coast Justice Service Area,5004
1998,Taranaki/Whanganui Justice Service Area,3538
1998,Manawatū/Wairarapa Justice Service Area,3477
1998,Northern Wellington Justice Service Area,4088
1998,Wellington Justice Service Area,3095
1998,Nelson/Marlborough/West Coast Justice Service Area,2878
1998,Canterbury Justice Service Area,7324
1998,Otago Justice Service Area,3533
1998,Southland Justice Service Area,2505
1999,Total Regions,76788
1999,Te Tai Tokerau Justice Service Area,3520
1999,Auckland Justice Service Area,8371
1999,South Auckland Justice Service Area,7753
1999,Waikato Justice Service Area,5672
1999,Bay of Plenty Justice Service Area,4648
1999,Waiariki Justice Service Area,4247
1999,East Coast Justice Service Area,5113
1999,Taranaki/Whanganui Justice Service Area,4001
1999,Manawatū/Wairarapa Justice Service Area,3716
1999,Northern Wellington Justice Service Area,3935
1999,Wellington Justice Service Area,2924
1999,Nelson/Marlborough/West Coast Justice Service Area,2949
1999,Canterbury Justice Service Area,7770
1999,Otago Justice Service Area,3471
1999,Southland Justice Service Area,2477
2000,Total Regions,75663
2000,Te Tai Tokerau Justice Service Area,3561
2000,Auckland Justice Service Area,8220
2000,South Auckland Justice Service Area,8576
2000,Waikato Justice Service Area,5473
2000,Bay of Plenty Justice Service Area,4744
2000,Waiariki Justice Service Area,4091
2000,East Coast Justice Service Area,4740
2000,Taranaki/Whanganui Justice Service Area,3993
2000,Manawatū/Wairarapa Justice Service Area,3448
2000,Northern Wellington Justice Service Area,4047
2000,Wellington Justice Service Area,2588
2000,Nelson/Marlborough/West Coast Justice Service Area,3039
2000,Canterbury Justice Service Area,7171
2000,Otago Justice Service Area,3177
2000,Southland Justice Service Area,2533
2001,Total Regions,74064
2001,Te Tai Tokerau Justice Service Area,3711
2001,Auckland Justice Service Area,8288
2001,South Auckland Justice Service Area,8208
2001,Waikato Justice Service Area,5316
2001,Bay of Plenty Justice Service Area,4298
2001,Waiariki Justice Service Area,3588
2001,East Coast Justice Service Area,5173
2001,Taranaki/Whanganui Justice Service Area,3592
2001,Manawatū/Wairarapa Justice Service Area,3403
2001,Northern Wellington Justice Service Area,4041
2001,Wellington Justice Service Area,2829
2001,Nelson/Marlborough/West Coast Justice Service Area,3040
2001,Canterbury Justice Service Area,6741
2001,Otago Justice Service Area,3006
2001,Southland Justice Service Area,2300
2002,Total Regions,74405
2002,Te Tai Tokerau Justice Service Area,3895
2002,Auckland Justice Service Area,8129
2002,South Auckland Justice Service Area,7792
2002,Waikato Justice Service Area,5486
2002,Bay of Plenty Justice Service Area,4422
2002,Waiariki Justice Service Area,3725
2002,East Coast Justice Service Area,5172
2002,Taranaki/Whanganui Justice Service Area,3469
2002,Manawatū/Wairarapa Justice Service Area,3535
2002,Northern Wellington Justice Service Area,3947
2002,Wellington Justice Service Area,2780
2002,Nelson/Marlborough/West Coast Justice Service Area,2963
2002,Canterbury Justice Service Area,6765
2002,Otago Justice Service Area,3126
2002,Southland Justice Service Area,2441
2003,Total Regions,73876
2003,Te Tai Tokerau Justice Service Area,3664
2003,Auckland Justice Service Area,8004
2003,South Auckland Justice Service Area,7036
2003,Waikato Justice Service Area,5341
2003,Bay of Plenty Justice Service Area,5141
2003,Waiariki Justice Service Area,3605
2003,East Coast Justice Service Area,5412
2003,Taranaki/Whanganui Justice Service Area,3663
2003,Manawatū/Wairarapa Justice Service Area,3603
2003,Northern Wellington Justice Service Area,3834
2003,Wellington Justice Service Area,2713
2003,Nelson/Marlborough/West Coast Justice Service Area,2912
2003,Canterbury Justice Service Area,6598
2003,Otago Justice Service Area,3198
2003,Southland Justice Service Area,2596
2004,Total Regions,77078
2004,Te Tai Tokerau Justice Service Area,3979
2004,Auckland Justice Service Area,7975
2004,South Auckland Justice Service Area,7417
2004,Waikato Justice Service Area,5595
2004,Bay of Plenty Justice Service Area,5507
2004,Waiariki Justice Service Area,3861
2004,East Coast Justice Service Area,5791
2004,Taranaki/Whanganui Justice Service Area,4172
2004,Manawatū/Wairarapa Justice Service Area,3508
2004,Northern Wellington Justice Service Area,3748
2004,Wellington Justice Service Area,2529
2004,Nelson/Marlborough/West Coast Justice Service Area,3030
2004,Canterbury Justice Service Area,6715
2004,Otago Justice Service Area,3769
2004,Southland Justice Service Area,3104
2005,Total Regions,79307
2005,Te Tai Tokerau Justice Service Area,3985
2005,Auckland Justice Service Area,8232
2005,South Auckland Justice Service Area,8252
2005,Waikato Justice Service Area,5979
2005,Bay of Plenty Justice Service Area,5091
2005,Waiariki Justice Service Area,4101
2005,East Coast Justice Service Area,5583
2005,Taranaki/Whanganui Justice Service Area,4098
2005,Manawatū/Wairarapa Justice Service Area,3848
2005,Northern Wellington Justice Service Area,3839
2005,Wellington Justice Service Area,2632
2005,Nelson/Marlborough/West Coast Justice Service Area,3271
2005,Canterbury Justice Service Area,7172
2005,Otago Justice Service Area,3677
2005,Southland Justice Service Area,2924
2006,Total Regions,78519
2006,Te Tai Tokerau Justice Service Area,3908
2006,Auckland Justice Service Area,7840
2006,South Auckland Justice Service Area,8590
2006,Waikato Justice Service Area,5784
2006,Bay of Plenty Justice Service Area,5008
2006,Waiariki Justice Service Area,4098
2006,East Coast Justice Service Area,5352
2006,Taranaki/Whanganui Justice Service Area,3957
2006,Manawatū/Wairarapa Justice Service Area,4017
2006,Northern Wellington Justice Service Area,3901
2006,Wellington Justice Service Area,2423
2006,Nelson/Marlborough/West Coast Justice Service Area,3270
2006,Canterbury Justice Service Area,7042
2006,Otago Justice Service Area,3761
2006,Southland Justice Service Area,2802
2007,Total Regions,81972
2007,Te Tai Tokerau Justice Service Area,3999
2007,Auckland Justice Service Area,8168
2007,South Auckland Justice Service Area,9087
2007,Waikato Justice Service Area,6051
2007,Bay of Plenty Justice Service Area,5703
2007,Waiariki Justice Service Area,4115
2007,East Coast Justice Service Area,5694
2007,Taranaki/Whanganui Justice Service Area,4042
2007,Manawatū/Wairarapa Justice Service Area,4207
2007,Northern Wellington Justice Service Area,3907
2007,Wellington Justice Service Area,2584
2007,Nelson/Marlborough/West Coast Justice Service Area,3277
2007,Canterbury Justice Service Area,7408
2007,Otago Justice Service Area,3810
2007,Southland Justice Service Area,3072
2008,Total Regions,88402
2008,Te Tai Tokerau Justice Service Area,4640
2008,Auckland Justice Service Area,8126
2008,South Auckland Justice Service Area,10163
2008,Waikato Justice Service Area,6140
2008,Bay of Plenty Justice Service Area,5719
2008,Waiariki Justice Service Area,4417
2008,East Coast Justice Service Area,5955
2008,Taranaki/Whanganui Justice Service Area,4163
2008,Manawatū/Wairarapa Justice Service Area,4385
2008,Northern Wellington Justice Service Area,4380
2008,Wellington Justice Service Area,2923
2008,Nelson/Marlborough/West Coast Justice Service Area,3693
2008,Canterbury Justice Service Area,8714
2008,Otago Justice Service Area,3954
2008,Southland Justice Service Area,3189
2009,Total Regions,95070
2009,Te Tai Tokerau Justice Service Area,5300
2009,Auckland Justice Service Area,8673
2009,South Auckland Justice Service Area,11108
2009,Waikato Justice Service Area,6845
2009,Bay of Plenty Justice Service Area,6512
2009,Waiariki Justice Service Area,4830
2009,East Coast Justice Service Area,6019
2009,Taranaki/Whanganui Justice Service Area,4630
2009,Manawatū/Wairarapa Justice Service Area,4450
2009,Northern Wellington Justice Service Area,4619
2009,Wellington Justice Service Area,3265
2009,Nelson/Marlborough/West Coast Justice Service Area,3739
2009,Canterbury Justice Service Area,9661
2009,Otago Justice Service Area,4031
2009,Southland Justice Service Area,3180
2010,Total Regions,99768
2010,Te Tai Tokerau Justice Service Area,4684
2010,Auckland Justice Service Area,8830
2010,South Auckland Justice Service Area,11785
2010,Waikato Justice Service Area,7424
2010,Bay of Plenty Justice Service Area,6993
2010,Waiariki Justice Service Area,5278
2010,East Coast Justice Service Area,6544
2010,Taranaki/Whanganui Justice Service Area,4908
2010,Manawatū/Wairarapa Justice Service Area,4540
2010,Northern Wellington Justice Service Area,5070
2010,Wellington Justice Service Area,3302
2010,Nelson/Marlborough/West Coast Justice Service Area,4061
2010,Canterbury Justice Service Area,9860
2010,Otago Justice Service Area,4261
2010,Southland Justice Service Area,3512
2011,Total Regions,95402
2011,Te Tai Tokerau Justice Service Area,5098
2011,Auckland Justice Service Area,7928
2011,South Auckland Justice Service Area,11669
2011,Waikato Justice Service Area,6943
2011,Bay of Plenty Justice Service Area,6681
2011,Waiariki Justice Service Area,5079
2011,East Coast Justice Service Area,6067
2011,Taranaki/Whanganui Justice Service Area,4761
2011,Manawatū/Wairarapa Justice Service Area,4512
2011,Northern Wellington Justice Service Area,4504
2011,Wellington Justice Service Area,2879
2011,Nelson/Marlborough/West Coast Justice Service Area,4007
2011,Canterbury Justice Service Area,9739
2011,Otago Justice Service Area,3979
2011,Southland Justice Service Area,3302
2012,Total Regions,87140
2012,Te Tai Tokerau Justice Service Area,4854
2012,Auckland Justice Service Area,7558
2012,South Auckland Justice Service Area,11146
2012,Waikato Justice Service Area,6589
2012,Bay of Plenty Justice Service Area,5689
2012,Waiariki Justice Service Area,4592
2012,East Coast Justice Service Area,5836
2012,Taranaki/Whanganui Justice Service Area,4266
2012,Manawatū/Wairarapa Justice Service Area,4156
2012,Northern Wellington Justice Service Area,4340
2012,Wellington Justice Service Area,2390
2012,Nelson/Marlborough/West Coast Justice Service Area,3870
2012,Canterbury Justice Service Area,8060
2012,Otago Justice Service Area,3720
2012,Southland Justice Service Area,3046
2013,Total Regions,81153
2013,Te Tai Tokerau Justice Service Area,4362
2013,Auckland Justice Service Area,7191
2013,South Auckland Justice Service Area,10625
2013,Waikato Justice Service Area,6014
2013,Bay of Plenty Justice Service Area,4780
2013,Waiariki Justice Service Area,4244
2013,East Coast Justice Service Area,5502
2013,Taranaki/Whanganui Justice Service Area,3754
2013,Manawatū/Wairarapa Justice Service Area,3904
2013,Northern Wellington Justice Service Area,3891
2013,Wellington Justice Service Area,2226
2013,Nelson/Marlborough/West Coast Justice Service Area,3217
2013,Canterbury Justice Service Area,8889
2013,Otago Justice Service Area,3130
2013,Southland Justice Service Area,2798
2014,Total Regions,74717
2014,Te Tai Tokerau Justice Service Area,4040
2014,Auckland Justice Service Area,6866
2014,South Auckland Justice Service Area,10032
2014,Waikato Justice Service Area,5470
2014,Bay of Plenty Justice Service Area,4423
2014,Waiariki Justice Service Area,4078
2014,East Coast Justice Service Area,5320
2014,Taranaki/Whanganui Justice Service Area,3507
2014,Manawatū/Wairarapa Justice Service Area,3354
2014,Northern Wellington Justice Service Area,3351
2014,Wellington Justice Service Area,1789
2014,Nelson/Marlborough/West Coast Justice Service Area,2899
2014,Canterbury Justice Service Area,7834
2014,Otago Justice Service Area,2828
2014,Southland Justice Service Area,2458
2015,Total Regions,68774
2015,Te Tai Tokerau Justice Service Area,3784
2015,Auckland Justice Service Area,6389
2015,South Auckland Justice Service Area,9314
2015,Waikato Justice Service Area,5329
2015,Bay of Plenty Justice Service Area,4234
2015,Waiariki Justice Service Area,3503
2015,East Coast Justice Service Area,4809
2015,Taranaki/Whanganui Justice Service Area,3202
2015,Manawatū/Wairarapa Justice Service Area,3307
2015,Northern Wellington Justice Service Area,2946
2015,Wellington Justice Service Area,1642
2015,Nelson/Marlborough/West Coast Justice Service Area,2509
2015,Canterbury Justice Service Area,7139
2015,Otago Justice Service Area,2529
2015,Southland Justice Service Area,2210
2016,Total Regions,63680
2016,Te Tai Tokerau Justice Service Area,3817
2016,Auckland Justice Service Area,5479
2016,South Auckland Justice Service Area,8408
2016,Waikato Justice Service Area,5054
2016,Bay of Plenty Justice Service Area,3808
2016,Waiariki Justice Service Area,3387
2016,East Coast Justice Service Area,4294
2016,Taranaki/Whanganui Justice Service Area,2962
2016,Manawatū/Wairarapa Justice Service Area,3216
2016,Northern Wellington Justice Service Area,2909
2016,Wellington Justice Service Area,1595
2016,Nelson/Marlborough/West Coast Justice Service Area,2429
2016,Canterbury Justice Service Area,6518
2016,Otago Justice Service Area,2453
2016,Southland Justice Service Area,2195
2017,Total Regions,64566
2017,Te Tai Tokerau Justice Service Area,3890
2017,Auckland Justice Service Area,5236
2017,South Auckland Justice Service Area,8314
2017,Waikato Justice Service Area,5705
2017,Bay of Plenty Justice Service Area,4194
2017,Waiariki Justice Service Area,3482
2017,East Coast Justice Service Area,4158
2017,Taranaki/Whanganui Justice Service Area,3142
2017,Manawatū/Wairarapa Justice Service Area,3140
2017,Northern Wellington Justice Service Area,3013
2017,Wellington Justice Service Area,1735
2017,Nelson/Marlborough/West Coast Justice Service Area,2464
2017,Canterbury Justice Service Area,6633
2017,Otago Justice Service Area,2345
2017,Southland Justice Service Area,2173
2018,Total Regions,64354
2018,Te Tai Tokerau Justice Service Area,3578
2018,Auckland Justice Service Area,5408
2018,South Auckland Justice Service Area,8046
2018,Waikato Justice Service Area,5957
2018,Bay of Plenty Justice Service Area,4301
2018,Waiariki Justice Service Area,3496
2018,East Coast Justice Service Area,4387
2018,Taranaki/Whanganui Justice Service Area,3188
2018,Manawatū/Wairarapa Justice Service Area,3251
2018,Northern Wellington Justice Service Area,3006
2018,Wellington Justice Service Area,1647
2018,Nelson/Marlborough/West Coast Justice Service Area,2578
2018,Canterbury Justice Service Area,5884
2018,Otago Justice Service Area,2421
2018,Southland Justice Service Area,2183
2019,Total Regions,60622
2019,Te Tai Tokerau Justice Service Area,3205
2019,Auckland Justice Service Area,4931
2019,South Auckland Justice Service Area,7762
2019,Waikato Justice Service Area,5501
2019,Bay of Plenty Justice Service Area,4154
2019,Waiariki Justice Service Area,3205
2019,East Coast Justice Service Area,4305
2019,Taranaki/Whanganui Justice Service Area,2858
2019,Manawatū/Wairarapa Justice Service Area,3049
2019,Northern Wellington Justice Service Area,2842
2019,Wellington Justice Service Area,1479
2019,Nelson/Marlborough/West Coast Justice Service Area,2307
2019,Canterbury Justice Service Area,5628
2019,Otago Justice Service Area,2384
2019,Southland Justice Service Area,2050
2020,Total Regions,56964
2020,Te Tai Tokerau Justice Service Area,3197
2020,Auckland Justice Service Area,4626
2020,South Auckland Justice Service Area,7151
2020,Waikato Justice Service Area,5127
2020,Bay of Plenty Justice Service Area,3820
2020,Waiariki Justice Service Area,3073
2020,East Coast Justice Service Area,4173
2020,Taranaki/Whanganui Justice Service Area,2701
2020,Manawatū/Wairarapa Justice Service Area,2882
2020,Northern Wellington Justice Service Area,2524
2020,Wellington Justice Service Area,1361
2020,Nelson/Marlborough/West Coast Justice Service Area,2188
2020,Canterbury Justice Service Area,5253
2020,Otago Justice Service Area,2141
2020,Southland Justice Service Area,1905
2021,Total Regions,51838
2021,Te Tai Tokerau Justice Service Area,2915
2021,Auckland Justice Service Area,3811
2021,South Auckland Justice Service Area,6363
2021,Waikato Justice Service Area,4886
2021,Bay of Plenty Justice Service Area,3575
2021,Waiariki Justice Service Area,2873
2021,East Coast Justice Service Area,3804
2021,Taranaki/Whanganui Justice Service Area,2639
2021,Manawatū/Wairarapa Justice Service Area,2704
2021,Northern Wellington Justice Service Area,2386
2021,Wellington Justice Service Area,1235
2021,Nelson/Marlborough/West Coast Justice Service Area,2040
2021,Canterbury Justice Service Area,4947
2021,Otago Justice Service Area,1994
2021,Southland Justice Service Area,1638
2022,Total Regions,45767
2022,Te Tai Tokerau Justice Service Area,2903
2022,Auckland Justice Service Area,2925
2022,South Auckland Justice Service Area,4740
2022,Waikato Justice Service Area,4012
2022,Bay of Plenty Justice Service Area,3504
2022,Waiariki Justice Service Area,2695
2022,East Coast Justice Service Area,3518
2022,Taranaki/Whanganui Justice Service Area,2530
2022,Manawatū/Wairarapa Justice Service Area,2552
2022,Northern Wellington Justice Service Area,2026
2022,Wellington Justice Service Area,1161
2022,Nelson/Marlborough/West Coast Justice Service Area,1887
2022,Canterbury Justice Service Area,4833
2022,Otago Justice Service Area,1832
2022,Southland Justice Service Area,1540
2023,Total Regions,47428
2023,Te Tai Tokerau Justice Service Area,2594
2023,Auckland Justice Service Area,3724
2023,South Auckland Justice Service Area,6123
2023,Waikato Justice Service Area,4335
2023,Bay of Plenty Justice Service Area,3377
2023,Waiariki Justice Service Area,2934
2023,East Coast Justice Service Area,3342
2023,Taranaki/Whanganui Justice Service Area,2336
2023,Manawatū/Wairarapa Justice Service Area,2248
2023,Northern Wellington Justice Service Area,1782
2023,Wellington Justice Service Area,1068
2023,Nelson/Marlborough/West Coast Justice Service Area,1798
2023,Canterbury Justice Service Area,4466
2023,Otago Justice Service Area,1751
2023,Southland Justice Service Area,1544
2024,Total Regions,49298
2024,Te Tai Tokerau Justice Service Area,2781
2024,Auckland Justice Service Area,4297
2024,South Auckland Justice Service Area,6426
2024,Waikato Justice Service Area,3973
2024,Bay of Plenty Justice Service Area,3507
2024,Waiariki Justice Service Area,3094
2024,East Coast Justice Service Area,3490
2024,Taranaki/Whanganui Justice Service Area,2369
2024,Manawatū/Wairarapa Justice Service Area,2376
2024,Northern Wellington Justice Service Area,1863
2024,Wellington Justice Service Area,1017
2024,Nelson/Marlborough/West Coast Justice Service Area,2036
2024,Canterbury Justice Service Area,4694
2024,Otago Justice Service Area,1925
2024,Southland Justice Service Area,1617